{
    "wallet": {
        "addressKeyName": "test",
        "addressRestoreMnemonic": "",
        "alloraHomeDir": "",
        "gas": "auto",
        "gasAdjustment": 1.5,
        "gasPrices": 10,
        "maxFees": 25000000,
        "nodeRpc": "https://allora-rpc.testnet.allora.network",
        "maxRetries": 5,
        "retryDelay": 3,
        "accountSequenceRetryDelay": 5,
        "submitTx": true,
        "blockDurationEstimated": 5,
        "windowCorrectionFactor": 0.8
    },
    "worker": [
        {
            "topicId": 1,
            "inferenceEntrypointName": "api-worker-reputer",
            "loopSeconds": 5,
            "parameters": {
                "InferenceEndpoint": "http://inference:8000/inference/{Token}",
                "Token": "ETH"
            }
        }
    ]
}